<?xml version="1.0" encoding="UTF-8"?>

<routes>
    <vType accel="1.0" decel="5.0" id="Car" length="2.0" maxSpeed="30.0" sigma="0.0" />

    <flow id="flowWEag11ag21ag31ag32ag33" color="0,128,255"  begin="0" end= "5000" probability="0.50" type="Car">
    <route edges="L1_i ag11_W_i ag11_E_o ag21_W_i ag21_E_o ag31_W_i ag31_N_o ag32_S_i ag32_N_o ag33_S_i ag33_N_o U3_o"/>
    </flow>

    <flow id="flowWEag12ag22ag23" color="0,255,0"  begin="0" end= "5000" probability="0.50" type="Car">
    <route edges="L2_i ag12_W_i ag12_E_o ag22_W_i ag22_N_o ag23_S_i ag23_N_o U2_o"/>
    </flow>

    <flow id="flowWEag13" color="255,0,0"  begin="0" end= "5000" probability="0.50" type="Car">
    <route edges="L3_i ag13_W_i ag13_N_o U1_o"/>
    </flow>



    <!--
    <flow id="flowNS1st" color="0,1,0"  begin="0" end= "99999" probability="0.01" type="Car">
    <route edges="0Ni 3Ni"/>
    </flow>

    <flow id="flowNS2nd" color="0,1,0"  begin="0" end= "99999" probability="0.01" type="Car">
    <route edges="1Ni 4Ni"/>
    </flow>

    <flow id="flowNS3rd" color="0,1,0"  begin="0" end= "99999" probability="0.01" type="Car">
    <route edges="2Ni 5Ni"/>
    </flow>
    -->
</routes>