<?xml version="1.0" encoding="UTF-8"?>

<routes>
    <vType accel="1.0" decel="5.0" id="Car" length="2.0" maxSpeed="30.0" sigma="0.0" />

    <flow id="flowallWE1" color="255,165,0"  begin="0" end= "5000" probability="0.10" type="Car">
    <route edges="L1_i ag11_W_i ag11_E_o ag21_W_i ag21_E_o ag31_W_i ag31_E_o R1_o"/>
    </flow>

    <flow id="flowallWE2" color="255,105,180"  begin="0" end= "5000" probability="0.10" type="Car">
    <route edges="L2_i ag12_W_i ag12_E_o ag22_W_i ag22_E_o ag32_W_i ag32_E_o R2_o"/>
    </flow>

    <flow id="flowallWE3" color="255,255,0"  begin="0" end= "5000" probability="0.10" type="Car">
    <route edges="L3_i ag13_W_i ag13_E_o ag23_W_i ag23_E_o ag33_W_i ag33_E_o R3_o"/>
    </flow>

    <flow id="flowallNS1_1k" color="255,0,0"  begin="500" end= "1000" probability="0.02" type="Car">
    <route edges="U1_i ag13_N_i ag13_S_o ag12_N_i ag12_S_o ag11_N_i ag11_S_o B1_o"/>
    </flow>

    <flow id="flowallNS2_1k" color="0,255,0"  begin="500" end= "1000" probability="0.02" type="Car">
    <route edges="U2_i ag23_N_i ag23_S_o ag22_N_i ag22_S_o ag21_N_i ag21_S_o B2_o"/>
    </flow>

    <flow id="flowallNS3_1k" color="0,128,255"  begin="500" end= "1000" probability="0.02" type="Car">
    <route edges="U3_i ag33_N_i ag33_S_o ag32_N_i ag32_S_o ag31_N_i ag31_S_o B3_o"/>
    </flow>

    <flow id="flowallNS1_2k" color="255,0,0"  begin="1500" end= "2000" probability="0.02" type="Car">
    <route edges="U1_i ag13_N_i ag13_S_o ag12_N_i ag12_S_o ag11_N_i ag11_S_o B1_o"/>
    </flow>

    <flow id="flowallNS2_2k" color="0,255,0"  begin="1500" end= "2000" probability="0.02" type="Car">
    <route edges="U2_i ag23_N_i ag23_S_o ag22_N_i ag22_S_o ag21_N_i ag21_S_o B2_o"/>
    </flow>

    <flow id="flowallNS3_2k" color="0,128,255"  begin="1500" end= "2000" probability="0.02" type="Car">
    <route edges="U3_i ag33_N_i ag33_S_o ag32_N_i ag32_S_o ag31_N_i ag31_S_o B3_o"/>
    </flow>

    <flow id="flowallNS1_3k" color="255,0,0"  begin="2500" end= "3000" probability="0.02" type="Car">
    <route edges="U1_i ag13_N_i ag13_S_o ag12_N_i ag12_S_o ag11_N_i ag11_S_o B1_o"/>
    </flow>

    <flow id="flowallNS2_3k" color="0,255,0"  begin="2500" end= "3000" probability="0.02" type="Car">
    <route edges="U2_i ag23_N_i ag23_S_o ag22_N_i ag22_S_o ag21_N_i ag21_S_o B2_o"/>
    </flow>

    <flow id="flowallNS3_3k" color="0,128,255"  begin="2500" end= "3000" probability="0.02" type="Car">
    <route edges="U3_i ag33_N_i ag33_S_o ag32_N_i ag32_S_o ag31_N_i ag31_S_o B3_o"/>
    </flow>

    <flow id="flowallNS1_4k" color="255,0,0"  begin="3500" end= "4000" probability="0.02" type="Car">
    <route edges="U1_i ag13_N_i ag13_S_o ag12_N_i ag12_S_o ag11_N_i ag11_S_o B1_o"/>
    </flow>

    <flow id="flowallNS2_4k" color="0,255,0"  begin="3500" end= "4000" probability="0.02" type="Car">
    <route edges="U2_i ag23_N_i ag23_S_o ag22_N_i ag22_S_o ag21_N_i ag21_S_o B2_o"/>
    </flow>

    <flow id="flowallNS3_4k" color="0,128,255"  begin="3500" end= "4000" probability="0.02" type="Car">
    <route edges="U3_i ag33_N_i ag33_S_o ag32_N_i ag32_S_o ag31_N_i ag31_S_o B3_o"/>
    </flow>



    <!--
    <flow id="flowNS1st" color="0,1,0"  begin="0" end= "99999" probability="0.01" type="Car">
    <route edges="0Ni 3Ni"/>
    </flow>

    <flow id="flowNS2nd" color="0,1,0"  begin="0" end= "99999" probability="0.01" type="Car">
    <route edges="1Ni 4Ni"/>
    </flow>

    <flow id="flowNS3rd" color="0,1,0"  begin="0" end= "99999" probability="0.01" type="Car">
    <route edges="2Ni 5Ni"/>
    </flow>
    -->
</routes>