<?xml version="1.0" encoding="UTF-8"?>

<routes>
    <vType accel="1.0" decel="5.0" id="Car" length="2.0" maxSpeed="30.0" sigma="0.0" />

    <flow id="flowallNS1_1st" color="255,0,0"  begin="0" end= "800" probability="0.20" type="Car">
    <route edges="U1_i ag13_N_i ag13_S_o ag12_N_i ag12_S_o ag11_N_i ag11_S_o B1_o"/>
    </flow>

    <flow id="flowallNS2_1st" color="0,255,0"  begin="0" end= "800" probability="0.20" type="Car">
    <route edges="U2_i ag23_N_i ag23_S_o ag22_N_i ag22_S_o ag21_N_i ag21_S_o B2_o"/>
    </flow>

    <flow id="flowallNS3_1st" color="0,128,255"  begin="0" end= "800" probability="0.20" type="Car">
    <route edges="U3_i ag33_N_i ag33_S_o ag32_N_i ag32_S_o ag31_N_i ag31_S_o B3_o"/>
    </flow>

    <flow id="flowallWE1_1st" color="0,128,255"  begin="1000" end= "1800" probability="0.20" type="Car">
    <route edges="L1_i ag11_W_i ag11_E_o ag21_W_i ag21_E_o ag31_W_i ag31_E_o R1_o"/>
    </flow>

    <flow id="flowallWE2_1st" color="0,255,0"  begin="1000" end= "1800" probability="0.20" type="Car">
    <route edges="L2_i ag12_W_i ag12_E_o ag22_W_i ag22_E_o ag32_W_i ag32_E_o R2_o"/>
    </flow>

    <flow id="flowallWE3_1st" color="255,0,0"  begin="1000" end= "1800" probability="0.20" type="Car">
    <route edges="L3_i ag13_W_i ag13_E_o ag23_W_i ag23_E_o ag33_W_i ag33_E_o R3_o"/>
    </flow>

    <!---->

    <flow id="flowallNS1_2nd" color="255,0,0"  begin="2000" end= "2800" probability="0.20" type="Car">
    <route edges="U1_i ag13_N_i ag13_S_o ag12_N_i ag12_S_o ag11_N_i ag11_S_o B1_o"/>
    </flow>

    <flow id="flowallNS2_2nd" color="0,255,0"  begin="2000" end= "2800" probability="0.20" type="Car">
    <route edges="U2_i ag23_N_i ag23_S_o ag22_N_i ag22_S_o ag21_N_i ag21_S_o B2_o"/>
    </flow>

    <flow id="flowallNS3_2nd" color="0,128,255"  begin="2000" end= "2800" probability="0.20" type="Car">
    <route edges="U3_i ag33_N_i ag33_S_o ag32_N_i ag32_S_o ag31_N_i ag31_S_o B3_o"/>
    </flow>

    <flow id="flowallWE1_2nd" color="0,128,255"  begin="3000" end= "3800" probability="0.20" type="Car">
    <route edges="L1_i ag11_W_i ag11_E_o ag21_W_i ag21_E_o ag31_W_i ag31_E_o R1_o"/>
    </flow>

    <flow id="flowallWE2_2nd" color="0,255,0"  begin="3000" end= "3800" probability="0.20" type="Car">
    <route edges="L2_i ag12_W_i ag12_E_o ag22_W_i ag22_E_o ag32_W_i ag32_E_o R2_o"/>
    </flow>

    <flow id="flowallWE3_2nd" color="255,0,0"  begin="3000" end= "3800" probability="0.20" type="Car">
    <route edges="L3_i ag13_W_i ag13_E_o ag23_W_i ag23_E_o ag33_W_i ag33_E_o R3_o"/>
    </flow>

    <!---->

</routes>